Rang,Nom,Total,Rank,Name,Anzahl,Posto,Nome,Totale
1,da Silva,1578,1,da Silva,1578,1,da Silva,1578
2,Kolly,1182,2,Kolly,1182,2,Kolly,1182
3,Ferreira,1112,3,Ferreira,1112,3,Ferreira,1112
4,Vonlanthen,1071,4,Vonlanthen,1071,4,Vonlanthen,1071
5,Aebischer,1060,5,Aebischer,1060,5,Aebischer,1060
6,Monney,1032,6,Monney,1032,6,Monney,1032
7,Oberson,1022,7,Oberson,1022,7,Oberson,1022
8,Pereira,994,8,Pereira,994,8,Pereira,994
9,Jungo,986,9,Jungo,986,9,Jungo,986
10,dos Santos,971,10,dos Santos,971,10,dos Santos,971
11,Piller,929,11,Piller,929,11,Piller,929
12,Clément,906,12,Clément,906,12,Clément,906
13,Baeriswyl,875,13,Baeriswyl,875,13,Baeriswyl,875
14,Buchs,859,14,Buchs,859,14,Buchs,859
15,Egger,854,15,Egger,854,15,Egger,854
16,Pittet,833,16,Pittet,833,16,Pittet,833
17,Pasquier,822,17,Pasquier,822,17,Pasquier,822
18,Mauron,814,18,Mauron,814,18,Mauron,814
19,Zbinden,813,19,Zbinden,813,19,Zbinden,813
20,Müller,803,20,Müller,803,20,Müller,803
21,Gremaud,801,21,Gremaud,801,21,Gremaud,801
22,Gomes,800,22,Gomes,800,22,Gomes,800
23,Berset,799,23,Berset,799,23,Berset,799
24,Andrey,795,24,Andrey,795,24,Andrey,795
25,Brülhart,794,25,Brülhart,794,25,Brülhart,794
26,Riedo,790,26,Riedo,790,26,Riedo,790
27,Brügger,783,27,Brügger,783,27,Brügger,783
28,Waeber,769,28,Waeber,769,28,Waeber,769
29,Maillard,760,29,Maillard,760,29,Maillard,760
30,Chassot,755,30,Chassot,755,30,Chassot,755
30,Favre,755,30,Favre,755,30,Favre,755
32,Rodrigues,750,32,Rodrigues,750,32,Rodrigues,750
33,Genoud,748,33,Genoud,748,33,Genoud,748
34,Meyer,728,34,Meyer,728,34,Meyer,728
35,Fasel,726,35,Fasel,726,35,Fasel,726
36,Schafer,722,36,Schafer,722,36,Schafer,722
37,Neuhaus,711,37,Neuhaus,711,37,Neuhaus,711
38,Hayoz,709,38,Hayoz,709,38,Hayoz,709
38,Schaller,709,38,Schaller,709,38,Schaller,709
40,Schmutz,704,40,Schmutz,704,40,Schmutz,704
41,Raemy,700,41,Raemy,700,41,Raemy,700
42,Clerc,673,42,Clerc,673,42,Clerc,673
43,Aeby,669,43,Aeby,669,43,Aeby,669
44,Bapst,660,44,Bapst,660,44,Bapst,660
45,Krasniqi,635,45,Krasniqi,635,45,Krasniqi,635
45,Ruffieux,635,45,Ruffieux,635,45,Ruffieux,635
47,Cotting,632,47,Cotting,632,47,Cotting,632
48,Boschung,630,48,Boschung,630,48,Boschung,630
48,Rossier,630,48,Rossier,630,48,Rossier,630
50,Lopes,626,50,Lopes,626,50,Lopes,626
51,Brodard,623,51,Brodard,623,51,Brodard,623
52,Oliveira,621,52,Oliveira,621,52,Oliveira,621
53,Fragnière,609,53,Fragnière,609,53,Fragnière,609
54,Barras,608,54,Barras,608,54,Barras,608
55,Yerly,587,55,Yerly,587,55,Yerly,587
56,Roulin,579,56,Roulin,579,56,Roulin,579
57,Grandjean,578,57,Grandjean,578,57,Grandjean,578
58,Jaquet,562,58,Jaquet,562,58,Jaquet,562
59,Castella,560,59,Castella,560,59,Castella,560
60,Demierre,556,60,Demierre,556,60,Demierre,556
61,Martins,552,61,Martins,552,61,Martins,552
62,Silva,551,62,Silva,551,62,Silva,551
63,Charrière,544,63,Charrière,544,63,Charrière,544
64,Magnin,541,64,Magnin,541,64,Magnin,541
65,Perroud,523,65,Perroud,523,65,Perroud,523
66,Progin,520,66,Progin,520,66,Progin,520
67,Savary,518,67,Savary,518,67,Savary,518
68,Spicher,517,68,Spicher,517,68,Spicher,517
68,Tinguely,517,68,Tinguely,517,68,Tinguely,517
70,Blanc,512,70,Blanc,512,70,Blanc,512
71,Lehmann,510,71,Lehmann,510,71,Lehmann,510
72,Fernandes,507,72,Fernandes,507,72,Fernandes,507
73,Michel,498,73,Michel,498,73,Michel,498
74,Rey,497,74,Rey,497,74,Rey,497
75,Menoud,492,75,Menoud,492,75,Menoud,492
76,Berger,491,76,Berger,491,76,Berger,491
77,Bersier,490,77,Bersier,490,77,Bersier,490
77,Schneuwly,490,77,Schneuwly,490,77,Schneuwly,490
79,Bächler,484,79,Bächler,484,79,Bächler,484
80,Seydoux,482,80,Seydoux,482,80,Seydoux,482
81,Crausaz,474,81,Crausaz,474,81,Crausaz,474
82,Bertschy,472,82,Bertschy,472,82,Bertschy,472
82,Santos,472,82,Santos,472,82,Santos,472
84,Gonçalves,464,84,Gonçalves,464,84,Gonçalves,464
85,Morel,460,85,Morel,460,85,Morel,460
86,Gobet,449,86,Gobet,449,86,Gobet,449
87,Ribeiro,437,87,Ribeiro,437,87,Ribeiro,437
88,Schneider,436,88,Schneider,436,88,Schneider,436
89,Meuwly,429,89,Meuwly,429,89,Meuwly,429
89,Pinto,429,89,Pinto,429,89,Pinto,429
91,Käser,428,91,Käser,428,91,Käser,428
92,Pillonel,425,92,Pillonel,425,92,Pillonel,425
93,Marques,422,93,Marques,422,93,Marques,422
94,Baechler,419,94,Baechler,419,94,Baechler,419
95,Corpataux,415,95,Corpataux,415,95,Corpataux,415
96,Joye,412,96,Joye,412,96,Joye,412
97,Beaud,410,97,Beaud,410,97,Beaud,410
98,Currat,408,98,Currat,408,98,Currat,408
98,da Costa,408,98,da Costa,408,98,da Costa,408
100,Gendre,407,100,Gendre,407,100,Gendre,407
